id,first_name,last_name,email,gender,city,Born,Salary,Costs
1,Purcell,Polendine,ppolendine0@biglobe.ne.jp,Male,Verkhneye Kazanishche,Karanglo,2641348,504841
2,Dode,Griggs,dgriggs1@economist.com,Bigender,Cihaur,Parnamirim,2449952,798272
3,Willard,De Bruijne,wdebruijne2@issuu.com,Male,Lugu,Mangaratiba,1673413,482386
4,Fanya,McKelvie,fmckelvie3@foxnews.com,Female,Kakamega,Campo Alegre,2787044,458503
5,Petronia,Fredi,pfredi4@howstuffworks.com,Female,Zhushan,Shahrisabz Shahri,2553175,752297
6,Cari,Starr,cstarr5@scribd.com,Female,Oro Verde,Naqadeh,4072462,415002
7,Aguste,Vaisey,avaisey6@yale.edu,Male,Sagasa,Huicheng,3264185,634065
8,Karlen,Fairney,kfairney7@nature.com,Female,Vilar do Monte,Logovskoye,1577446,656104
9,Tito,Choake,tchoake8@alibaba.com,Male,Uacon,Dukuhsia,3128231,624136
10,Kym,Vignal,kvignal9@devhub.com,Female,Glória do Goitá,Zarzal,2459614,727444
11,Sanders,Leaman,sleamana@bloomberg.com,Male,Ozurgeti,Manghit,4525086,667622
12,Jodee,Aldrich,jaldrichb@businessinsider.com,Female,Sezures,Buckland,3554873,633065
13,Ferrell,Tewkesberry,ftewkesberryc@meetup.com,Male,Haapsalu,Hanam,1868773,736213
14,Anita,Lauga,alaugad@ihg.com,Female,Najrān,Coloncito,3308462,323322
15,Jeniece,Falk,jfalke@gravatar.com,Female,Nangong,Nogent-sur-Marne,4293979,647563
16,Christabella,Duggan,cdugganf@woothemes.com,Female,Bergen op Zoom,Ilihan,2147587,602220
17,Mavra,Askham,maskhamg@mapy.cz,Female,Naebugis,Krajenka,4704103,457272
18,Jordain,Jurewicz,jjurewiczh@nytimes.com,Female,Altan Emel,Mengjia,2654993,767044
19,Rockie,McLaughlan,rmclaughlani@shutterfly.com,Male,Charikar,Huayacundo Arma,2267903,378560
20,Agace,Rushford,arushfordj@scientificamerican.com,Female,Watoona,Castleblayney,4978954,753872
21,Kristyn,Northleigh,knorthleighk@unc.edu,Female,Ulricehamn,Gucheng,4495118,549386
22,Emanuele,McCullouch,emccullouchl@nps.gov,Male,Pathein,Minneapolis,3060457,715871
23,Modestine,Rathjen,mrathjenm@ovh.net,Female,Waipukang,Anda,1597784,517094
24,Ernestus,Liddiard,eliddiardn@nydailynews.com,Male,Barroco,Gwandu,2759531,726555
25,Trenna,Cherrett,tcherretto@mlb.com,Female,Qulai,Vysokogornyy,2525210,350994
26,Eli,Fortnum,efortnump@ow.ly,Male,Jiubao,Bordeaux,4797779,799477
27,Pen,Beavers,pbeaversq@berkeley.edu,Female,Beo,Fangshan,4880433,560301
28,Flynn,North,fnorthr@epa.gov,Male,Ban Takhun,San Casimiro,2693352,451801
29,Elly,MacDuffie,emacduffies@army.mil,Female,Beaumont,Shangtang,4786316,460615
30,Terence,Connerry,tconnerryt@google.it,Male,Macroom,Bagdadi,1705067,695571
31,Tamra,Nicholl,tnichollu@moonfruit.com,Female,El Llano,Mala Danylivka,1427910,662436
32,Esme,Swanne,eswannev@xinhuanet.com,Genderfluid,Cibunar,New Haven,3420965,422534
33,Hayyim,Doohey,hdooheyw@thetimes.co.uk,Agender,Custóias,Mander,1558962,715925
34,Gunther,Brompton,gbromptonx@youtu.be,Male,Reckange-sur-Mess,Seixezelo,3602332,794255
35,Madelene,McIlharga,mmcilhargay@bizjournals.com,Female,Saguenay,Hadayang,4258454,498791
36,Gradey,Tant,gtantz@loc.gov,Male,Zhoukou,San José de Miranda,3750315,412304
37,Tommi,Picken,tpicken10@addtoany.com,Female,Karadaglije,Maripa,3026448,336299
38,Benny,Simoes,bsimoes11@jugem.jp,Male,Obertyn,Tatebayashi,1754525,574378
39,Hort,Skillington,hskillington12@163.com,Male,Ndélé,Olympia,1376304,571313
40,Judon,Craigheid,jcraigheid13@hatena.ne.jp,Male,Owen Sound,Gowarczów,4992864,719070
41,Fabiano,Dwelley,fdwelley14@boston.com,Male,Shuibian,Xibali,3805726,520611
42,Hewet,Eiler,heiler15@noaa.gov,Male,Alicia,Xiaochuan,1744162,608308
43,Winna,Smithen,wsmithen16@technorati.com,Female,Feikeng,Charleston,1482415,588659
44,Wendy,Sorton,wsorton17@ning.com,Female,Quangang,Daxin,3313061,412578
45,Darren,Zukerman,dzukerman18@sohu.com,Male,Jiujie,Shuicha,2499010,577359
46,Latashia,Buffy,lbuffy19@cnet.com,Female,Gulbene,Cidade Velha,4382534,726387
47,Kaitlynn,Kiwitz,kkiwitz1a@slideshare.net,Female,Papetoai,Ayapel,1603668,589169
48,Ives,Donaher,idonaher1b@cmu.edu,Non-binary,Tsowkêy,Thames,4507857,692970
49,Rem,Mar,rmar1c@foxnews.com,Male,Ormož,Bayeux,3760213,417713
50,Zea,Gilardi,zgilardi1d@virginia.edu,Female,Támara,Pampas,3204596,357832
51,Angelico,Cornbill,acornbill1e@xrea.com,Genderqueer,Koszyce Wielkie,Kalanchak,4077841,409877
52,Dorree,Wynn,dwynn1f@reverbnation.com,Female,Uitiuhtuan,Paris 07,4205991,682400
53,Nata,Bown,nbown1g@360.cn,Female,Milanówek,Hněvotín,4662782,307541
54,Rosemarie,Mattam,rmattam1h@sbwire.com,Female,Toledo,Omaha,2062259,378226
55,Jess,Danell,jdanell1i@usnews.com,Bigender,Sinazongwe,Huaizhong,2656974,680679
56,Liesa,Lawrence,llawrence1j@mayoclinic.com,Female,Doug An,Bhimbar,3981118,697676
57,Mervin,Johann,mjohann1k@cdc.gov,Male,Zhanghua,Useldange,4143603,592985
58,Yancy,Draisey,ydraisey1l@t-online.de,Male,Nizwá,Kai,2282692,639993
59,Ingeberg,Ball,iball1m@woothemes.com,Female,Quinjalca,Tallaght,4871789,325232
60,Auguste,Elflain,aelflain1n@hugedomains.com,Female,Bov,Aygavan,1858126,497574
61,Gavin,Cuncarr,gcuncarr1o@disqus.com,Male,El Cocuy,Dul’durga,4999581,694006
62,Lanae,De Biaggi,ldebiaggi1p@dell.com,Polygender,Jiguan,Kamba,1332341,766838
63,Gualterio,Hylden,ghylden1q@yale.edu,Male,Algeciras,North Shore,2332183,649903
64,Clarine,Priest,cpriest1r@dell.com,Female,Ganjun,San Agustín,1907508,652197
65,Wylma,Bison,wbison1s@php.net,Female,Bantul,Laingsburg,3389155,530089
66,Sutherlan,Shemmin,sshemmin1t@tinyurl.com,Male,Bayt Wazan,Za‘tarah,1995696,575343
67,Jorry,Cavilla,jcavilla1u@bloomberg.com,Female,Zhoukoudian,Caminaca,1944333,469945
68,Johnette,Dreghorn,jdreghorn1v@pbs.org,Genderqueer,Jimsar,San Antonio,2411065,359155
69,Dniren,Cundey,dcundey1w@typepad.com,Female,Sungsang,Tukhlya,3958129,423533
70,Sofia,Klamman,sklamman1x@salon.com,Female,Changqing,Pirané,1606285,511000
71,Tadd,Engall,tengall1y@purevolume.com,Male,Nazarje,Liulin,1356201,602879
72,Wilfrid,Resun,wresun1z@scientificamerican.com,Male,Chai Badan,Bastia,3694447,742101
73,Eldredge,Rozier,erozier20@lulu.com,Male,Tangzhai,Thị Trấn Kim Tân,3289200,735698
74,Hayley,Fisbburne,hfisbburne21@google.com.au,Female,Strängnäs,Burgas,4029149,589837
75,Katerina,Goodhay,kgoodhay22@ft.com,Agender,Xufu,Mirandopólis,2247754,361611
76,Gerri,Jolly,gjolly23@ted.com,Female,Kegeyli Shahar,Ampera,3372130,754839
77,Franni,Bernuzzi,fbernuzzi24@domainmarket.com,Female,Mirandela,Krajan Battal,2633313,363821
78,Giff,McFarlan,gmcfarlan25@forbes.com,Male,Teeli,Wanlongshan,2770073,490290
79,Jessamyn,Humbles,jhumbles26@abc.net.au,Female,Danderyd,Jiannan,1723127,500861
80,Ax,Daunay,adaunay27@amazon.co.uk,Male,Kamyshevatskaya,Buinsk,3220200,654657
81,Traver,Brabender,tbrabender28@discovery.com,Male,Machakos,Imaan,3103764,448565
82,Dean,Goreway,dgoreway29@stanford.edu,Male,Hualong,Krajanjugosari,2758135,441115
83,Rusty,Brownsey,rbrownsey2a@noaa.gov,Male,Contramaestre,Osoyoos,3941616,591208
84,Jared,Malmar,jmalmar2b@auda.org.au,Male,Arvika,Gurlan,2226191,514350
85,Sheridan,Sabberton,ssabberton2c@youtu.be,Male,Clarin,Sanshilipu,3962463,315219
86,Marita,Leydon,mleydon2d@webnode.com,Female,Mancos,Pemzashen,1403609,347147
87,Binny,Mackelworth,bmackelworth2e@msn.com,Female,Taurisma,Viļaka,4634649,351994
88,Giraldo,Cubin,gcubin2f@rambler.ru,Male,Povorino,Rosebank,3698465,491666
89,Judith,Crome,jcrome2g@wikispaces.com,Bigender,Hong Kong,Wuluhan,1207212,727612
90,Jacky,Harrod,jharrod2h@google.fr,Female,Tomar,Dami,2614917,635993
91,Cesar,MacCleod,cmaccleod2i@berkeley.edu,Male,Cañazas,Ciputat,2261854,713010
92,Linette,Mylchreest,lmylchreest2j@umn.edu,Genderfluid,Santa Maria da Feira,Banjar Kubu,1908134,417671
93,Tallie,Jessopp,tjessopp2k@google.fr,Female,Coronel Belisle,Aldeia do Bispo,1358672,427802
94,Sauveur,Belchambers,sbelchambers2l@cmu.edu,Male,Tangnan,Bolikhan,1768379,398407
95,Nerta,Dalman,ndalman2m@cisco.com,Female,Berbek,San Ramon,1398184,685896
96,Fancie,Daen,fdaen2n@qq.com,Female,Mingora,Alicia,2616979,788875
97,Jammie,Malam,jmalam2o@lulu.com,Polygender,Baoshan,Paris La Défense,1264248,749628
98,Ailyn,Dran,adran2p@comcast.net,Female,Kushnytsya,Sungaiduri,1381503,617068
99,Weidar,Cranke,wcranke2q@pinterest.com,Male,Karagandy,Luodian,3469670,739438
100,Sidney,Lamplugh,slamplugh2r@dagondesign.com,Male,Mae Hi,Xiaofayi,4162157,750394
101,Jonell,Steers,jsteers2s@cnn.com,Female,Longtan,Gengma,1262430,524133
102,Vickie,Tythacott,vtythacott2t@msu.edu,Female,Qaxa,Turka,3890976,438783
103,Leif,Kenchington,lkenchington2u@imgur.com,Male,Jelat,Batakte,4947440,615112
104,Ina,McCall,imccall2v@wisc.edu,Female,Longmen,Tangwu,4885895,746859
105,Ezra,Kilgrove,ekilgrove2w@bbc.co.uk,Male,Cagnes-sur-Mer,Täby,2255325,373091
106,Andi,Gilligan,agilligan2x@uol.com.br,Female,Korem,Novo-Peredelkino,1402268,788079
107,Stephen,Leeds,sleeds2y@cbslocal.com,Agender,Kekeran,Venda Nova,2933083,665650
108,Diane,Drewson,ddrewson2z@skyrock.com,Female,Monticello,Port Colborne,2431202,658804
109,Abram,Giffen,agiffen30@dailymail.co.uk,Male,Sātkania,Saryaghash,1408032,336377
110,Haroun,Goulbourn,hgoulbourn31@mtv.com,Male,Dongtai,Huanza,1730369,596920
111,Carlee,MacIlory,cmacilory32@gravatar.com,Female,Concepción,Sattahip,1893102,417918
112,Alexio,Cranny,acranny33@myspace.com,Male,Markaz-e Ḩukūmat-e Darwēshān,Bandeirantes,3879718,698717
113,Alanna,Turvie,aturvie34@hao123.com,Bigender,Witbank,Wąpielsk,1432327,545618
114,Malissa,Ruddlesden,mruddlesden35@unblog.fr,Agender,Lüyang,København,1850425,761158
115,Eddi,Moylane,emoylane36@forbes.com,Female,Kassala,Santa Catarina Barahona,3658729,336412
116,Norma,Adriaan,nadriaan37@youtube.com,Female,Wufu,Manūjān,3028918,305582
117,Alexander,Tooze,atooze38@mashable.com,Male,Xuefu,Teruel,2002877,300778
118,Nicolina,Zorzetti,nzorzetti39@mozilla.org,Female,Saint-Maixent-l'École,Kitcharao,4885494,664478
119,Juana,Rable,jrable3a@prweb.com,Female,Kuczbork-Osada,Mirsíni,1239910,447807
120,Dunc,Meldon,dmeldon3b@hatena.ne.jp,Male,Kamionka,Sindangkopo,4765700,380486
121,Elwin,Ianiello,eianiello3c@unesco.org,Male,Jambulang,Pingfeng,3969423,774394
122,Godart,Willets,gwillets3d@mashable.com,Male,Miramichi,Tangxi,1774083,418714
123,Gunter,Grigolon,ggrigolon3e@imgur.com,Male,Shkurinskaya,Borūjerd,3201057,479785
124,Daven,Blanchflower,dblanchflower3f@mail.ru,Male,Weepanapi,Nacka,3280169,519573
125,Chane,Gilyatt,cgilyatt3g@ezinearticles.com,Male,Porto Feliz,Huancheng,1455269,637798
126,Liliane,Sarsons,lsarsons3h@pbs.org,Female,Ishkhoy-Yurt,Fāryāb,4932093,603018
127,Suzette,Geraud,sgeraud3i@prnewswire.com,Female,Maswa,Gaoyi,4351213,576561
128,Sander,Faveryear,sfaveryear3j@senate.gov,Male,Huangtu,Gunungjulang,4571645,709090
129,Godiva,McConnal,gmcconnal3k@ihg.com,Female,Manakara,Kargasok,1932147,372594
130,Vincent,Sheerman,vsheerman3l@netvibes.com,Male,Byuravan,Liurenba,2128456,444564
131,Garrik,Thomazin,gthomazin3m@vimeo.com,Male,Shimonoseki,Nglorogan,3117181,654229
132,Kakalina,Redhouse,kredhouse3n@hibu.com,Female,Lecherías,San Cristobal,3218753,330539
133,Gaby,Kadar,gkadar3o@dell.com,Bigender,Dalai,Kalimati,3698218,653060
134,Yul,Chiese,ychiese3p@vk.com,Male,Ejidal,Paradela,4775566,429349
135,Mindy,Lempke,mlempke3q@mail.ru,Female,Felege Neway,Nawu,2298361,460617
136,Elli,Ickowics,eickowics3r@webmd.com,Female,Shanmu,Vykhino-Zhulebino,3437583,418779
137,Adelheid,Admans,aadmans3s@oaic.gov.au,Female,Xiadahe,Cikiruh,2045282,707923
138,Sammy,Petracchi,spetracchi3t@google.com,Male,Turt,Santa Cruz das Palmeiras,1746545,327333
139,Raphaela,Bruyett,rbruyett3u@issuu.com,Female,Khoa,Yinla,3381774,607369
140,Tracie,Loraine,tloraine3v@behance.net,Male,Strömsund,Rongxiang,1733665,328570
141,Carny,Rayment,crayment3w@vinaora.com,Male,Pajung,Vallehermoso,1735983,452380
142,Ennis,Durrans,edurrans3x@time.com,Male,Grujugan,Bulubrangsi,2603146,311519
143,Rhodie,Dennerley,rdennerley3y@delicious.com,Female,Hexing,Novozybkov,3373776,328933
144,Gabbey,Rigmand,grigmand3z@1und1.de,Non-binary,Vesele,Daqiao,4471622,319218
145,Dalston,Pasek,dpasek40@domainmarket.com,Male,Pili,Daqiao,3288555,578958
146,Clayborne,Moon,cmoon41@ow.ly,Male,Douz,Saryg-Sep,3178965,685857
147,Cort,Gribbins,cgribbins42@examiner.com,Male,Soledar,Caicedonia,4994007,675802
148,Benjie,Dunniom,bdunniom43@answers.com,Male,Taclobo,Yarīm,3617549,713843
149,Lilli,Galley,lgalley44@ibm.com,Female,Quimper,Lushuihe,2506313,708704
150,Rorie,Gibbett,rgibbett45@mashable.com,Female,Bambas,Kumbo,1242849,785367
151,Adair,Medling,amedling46@jugem.jp,Male,Göteborg,Dagang,1711529,330709
152,Ali,Reiglar,areiglar47@va.gov,Male,Socorro,Luhačovice,2153891,383331
153,Jefferey,McConway,jmcconway48@facebook.com,Male,Ratoath,Kaiyuan,4389728,535444
154,Marshal,Pickover,mpickover49@google.com.hk,Male,Baihe,Kedungbanteng Krajan,1663765,430526
155,Granny,Balcombe,gbalcombe4a@github.com,Male,Joubb Jannîne,Jianfeng,2132505,415783
156,Candie,Potier,cpotier4b@topsy.com,Female,Shuanghekou,Uychi,2547357,487393
157,Angelo,Escreet,aescreet4c@va.gov,Male,Shangying,Al Hadā,4850574,613369
158,Neddie,Fend,nfend4d@eepurl.com,Male,Amio,Erhaodi,3585926,439671
159,Trent,Everton,teverton4e@wix.com,Male,Altunemil,Sattahip,3803832,459530
160,Lavinia,Clemmens,lclemmens4f@yahoo.co.jp,Female,Letuyi,Chenghuang,4957345,512619
161,Kahlil,Swarbrigg,kswarbrigg4g@a8.net,Male,Columbia,Javhlant,3368249,536992
162,Lorna,Grzeszczak,lgrzeszczak4h@biglobe.ne.jp,Female,Futuroscope,Forino,4944629,606532
163,Ruttger,Raund,rraund4i@cafepress.com,Agender,Santa Elena de Uairén,Changning,4824167,599903
164,Jane,Cardon,jcardon4j@parallels.com,Female,Golubac,Reshetikha,2315159,376348
165,Kyle,Kedie,kkedie4k@amazon.de,Female,Metulla,Sydney,1574245,607719
166,Clim,Boulden,cboulden4l@google.nl,Male,Loay,Starobelokurikha,4086752,312456
167,Gilbertine,Silburn,gsilburn4m@drupal.org,Female,Myitkyina,Shizuoka-shi,2984651,566286
168,Tessa,Broxholme,tbroxholme4n@purevolume.com,Female,Yinghai,Sonsorol Village,2878268,734686
169,Bjorn,Cornier,bcornier4o@creativecommons.org,Male,Shuangpu,Novyy Nekouz,3583994,724491
170,Burton,Feltoe,bfeltoe4p@fc2.com,Male,Jiawu,København,1756758,514226
171,Flore,Casburn,fcasburn4q@rakuten.co.jp,Female,Rossosh’,Gununganyartambak Tengah,2014970,540918
172,Katharyn,MacHarg,kmacharg4r@wufoo.com,Female,Adelaide,Datong,1749824,672851
173,Nicoli,Roj,nroj4s@jimdo.com,Female,Mekarsari,Herne,3850996,416064
174,Ardath,Wornum,awornum4t@archive.org,Female,San Agustin,Jendouba,2883777,712041
175,Jordan,Caldecourt,jcaldecourt4u@paypal.com,Male,Cabinteely,Changuinola,1538170,490827
176,Hilly,Mordey,hmordey4v@pbs.org,Male,Sernur,Timiryazevo,4285375,514993
177,Ogden,Sandison,osandison4w@unesco.org,Male,Luhanka,Kvartsitnyy,2117913,587286
178,Jody,Dibbs,jdibbs4x@webmd.com,Male,Sanpai,Karis,4369926,365714
179,Ralf,Renault,rrenault4y@privacy.gov.au,Male,Moholm,Oslo,2168374,395432
180,Millicent,Hourahan,mhourahan4z@tumblr.com,Female,Vanves,Linshanhe,4519098,627595
181,Curtis,Raspin,craspin50@toplist.cz,Male,Stenungsund,Kufa,3273637,431110
182,Cleavland,Cockling,ccockling51@amazon.co.jp,Male,Pechenga,Kāleke Mandi,1257220,795792
183,Jeri,Adey,jadey52@bing.com,Female,El Valle del Espíritu Santo,Ust’-Labinsk,1406139,730778
184,Romola,Dundendale,rdundendale53@com.com,Genderfluid,København,Dong Charoen,1464272,418298
185,Elijah,Dabs,edabs54@netscape.com,Male,Pende,Araras,4731732,425084
186,Maegan,Kebbell,mkebbell55@telegraph.co.uk,Female,‘Alī al Gharbī,Trilj,2242733,353988
187,Constantine,McConnal,cmcconnal56@answers.com,Female,Lugang,Lurut,3577670,452977
188,Giraldo,Lillee,glillee57@dmoz.org,Genderfluid,Santa Cruz,Gushikawa,4836827,659675
189,Bink,Helks,bhelks58@webeden.co.uk,Male,Fendou,Sembung,4989393,423281
190,Herschel,Wyllcocks,hwyllcocks59@edublogs.org,Male,Pengulu,Speightstown,2782181,748284
191,Joyan,Hanley,jhanley5a@domainmarket.com,Female,Quisqueya,Qinhong,3353782,664277
192,Henry,Bryde,hbryde5b@wsj.com,Male,Bulog,Nagrak,1718328,541945
193,Chick,Licari,clicari5c@ox.ac.uk,Male,Ajax,Mętków,1475565,553455
194,Harry,Darbyshire,hdarbyshire5d@e-recht24.de,Male,El Fureidīs,Miaotang,2023320,642727
195,Barnett,Crocetti,bcrocetti5e@pbs.org,Male,Nagoselo do Douro,Castro Daire,4851074,394904
196,Loy,Klagges,lklagges5f@buzzfeed.com,Male,Bizana,Subulussalam,4758143,382002
197,Cassy,Fittes,cfittes5g@cam.ac.uk,Female,Hirakata,Urbano Noris,3603129,660599
198,Konrad,Steele,ksteele5h@linkedin.com,Male,Jargalant,Carcavelos,2976542,477597
199,Estel,Rosellini,erosellini5i@whitehouse.gov,Female,Viitasaari,Sambuluan,4255488,452458
200,Josh,Murty,jmurty5j@dagondesign.com,Male,San Sebastián,Gading,3473601,352287
